{
  "iteration": 5,
  "eval_metrics": {
    "total_return": 0.15620802797570427,
    "sharpe_ratio": 2.546658179111934,
    "max_drawdown": 0.09504341145415472,
    "num_eval_episodes": 30
  },
  "elite_stats": {
    "num_elites": 30,
    "mean_score": 2.617775960938135,
    "mean_sharpe": 3.085702173867154,
    "mean_mdd": 0.09358524258580377
  },
  "all_scores_mean": 0.07243149715714826,
  "all_scores_std": 1.8599698612339515,
  "timestamp": "2026-01-29T02:47:29.150944"
}