{
  "iteration": 7,
  "eval_metrics": {
    "total_return": 0.10016064836178784,
    "sharpe_ratio": 1.8900518008552003,
    "max_drawdown": 0.09717625154367698,
    "num_eval_episodes": 30
  },
  "elite_stats": {
    "num_elites": 30,
    "mean_score": 2.2676271092374884,
    "mean_sharpe": 2.7586395896120735,
    "mean_mdd": 0.0982024960749172
  },
  "all_scores_mean": 0.18518807749541277,
  "all_scores_std": 1.5945216251637,
  "timestamp": "2026-01-29T02:48:41.748110"
}