{
  "timestamp": "2026-01-29T02:10:05.498505",
  "ppo_agent": {
    "total_return": 0.5100609752749521,
    "sharpe_ratio": 1.5772185352591428,
    "max_drawdown": 0.12999080415987826,
    "final_value": 1510060.9752749521,
    "num_days": 349
  },
  "baseline_sp500": {
    "total_return": 0.310021560364566,
    "sharpe_ratio": 1.6247605823240485,
    "max_drawdown": 0.08822415667759884,
    "final_value": 1310021.560364566
  }
}