{
  "timestamp": "2026-01-26T13:48:25.401566",
  "n_runs": 100,
  "metrics": {
    "total_return": {
      "mean": 0.4220004043762977,
      "std": 0.014235716755693769,
      "min": 0.39040566307679053,
      "max": 0.4547689280525432,
      "ci_2.5": 0.39633140989926613,
      "ci_97.5": 0.44934120200063
    },
    "sharpe_ratio": {
      "mean": 1.4615326103582198,
      "std": 0.03882459132974627,
      "min": 1.3728020141401749,
      "max": 1.5477838707392086,
      "ci_2.5": 1.3894906850015845,
      "ci_97.5": 1.5353419614552974
    },
    "max_drawdown": {
      "mean": 0.13158522607768336,
      "std": 0.0014437769111416338,
      "min": 0.12768712652414407,
      "max": 0.13499610628498168,
      "ci_2.5": 0.1289246510879338,
      "ci_97.5": 0.1343318680199727
    },
    "final_value": {
      "mean": 1422000.404376298,
      "std": 14235.716755693771,
      "min": 1390405.6630767905,
      "max": 1454768.9280525432,
      "ci_2.5": 1396331.4098992662,
      "ci_97.5": 1449341.20200063
    }
  }
}