{
  "iteration": 7,
  "timestamp": "2026-01-29T02:48:41.738548",
  "num_rollouts": 150,
  "num_elites": 30,
  "elite_percentile": 0.1,
  "mean_score_all": 0.18518807749541277,
  "std_score_all": 1.5945216251637,
  "mean_score_elite": 2.2676271092374884,
  "std_score_elite": 0.7373517926257992,
  "score_gap": 2.0824390317420756,
  "mean_sharpe_elite": 2.7586395896120735,
  "mean_mdd_elite": 0.0982024960749172,
  "action_entropy": 1.2678656578063965,
  "weight_variance": 0.1627025008201599,
  "elite_start_dates": [
    388,
    839,
    826,
    817,
    1259,
    822,
    393,
    1230,
    393,
    542,
    1221,
    362,
    1225,
    1210,
    867,
    793,
    328,
    643,
    469,
    783,
    1247,
    831,
    737,
    892,
    780,
    563,
    562,
    348,
    627,
    636
  ],
  "eval_sharpe": 1.8900518008552003,
  "eval_total_return": 0.10016064836178784,
  "eval_max_drawdown": 0.09717625154367698
}