{
  "iteration": 1,
  "timestamp": "2026-01-29T02:44:59.716369",
  "num_rollouts": 150,
  "num_elites": 37,
  "elite_percentile": 0.25,
  "mean_score_all": -0.009332813534628191,
  "std_score_all": 1.5820436415640493,
  "mean_score_elite": 2.078904057521484,
  "std_score_elite": 0.8264438524034912,
  "score_gap": 2.0882368710561123,
  "mean_sharpe_elite": 2.566948817029747,
  "mean_mdd_elite": 0.09760895190165267,
  "action_entropy": 1.2728935480117798,
  "weight_variance": 0.15766870975494385,
  "elite_start_dates": [
    1249,
    1246,
    379,
    554,
    791,
    387,
    367,
    561,
    355,
    607,
    240,
    829,
    526,
    341,
    232,
    1185,
    660,
    792,
    630,
    863,
    255,
    1211,
    603,
    819,
    540,
    320,
    753,
    687,
    687,
    603,
    277,
    791,
    1205,
    213,
    843,
    58,
    1224
  ],
  "eval_sharpe": 2.359710570813641,
  "eval_total_return": 0.13065288076402176,
  "eval_max_drawdown": 0.0851563695082886
}