{
  "iteration": 5,
  "timestamp": "2026-01-29T02:47:29.141968",
  "num_rollouts": 150,
  "num_elites": 30,
  "elite_percentile": 0.1,
  "mean_score_all": 0.07243149715714826,
  "std_score_all": 1.8599698612339515,
  "mean_score_elite": 2.617775960938135,
  "std_score_elite": 1.0167275045303341,
  "score_gap": 2.5453444637809866,
  "mean_sharpe_elite": 3.085702173867154,
  "mean_mdd_elite": 0.09358524258580377,
  "action_entropy": 1.316903829574585,
  "weight_variance": 0.16482588648796082,
  "elite_start_dates": [
    825,
    1249,
    380,
    370,
    1229,
    539,
    1249,
    354,
    1233,
    321,
    560,
    379,
    822,
    367,
    1219,
    396,
    1224,
    691,
    775,
    553,
    369,
    327,
    366,
    802,
    562,
    796,
    578,
    728,
    1210,
    720
  ],
  "eval_sharpe": 2.546658179111934,
  "eval_total_return": 0.15620802797570427,
  "eval_max_drawdown": 0.09504341145415472
}