{
  "iteration": 9,
  "timestamp": "2026-01-29T02:49:53.002715",
  "num_rollouts": 150,
  "num_elites": 30,
  "elite_percentile": 0.1,
  "mean_score_all": -0.09662456346507593,
  "std_score_all": 1.589817503570411,
  "mean_score_elite": 2.093147312499093,
  "std_score_elite": 0.7253943416374683,
  "score_gap": 2.1897718759641687,
  "mean_sharpe_elite": 2.532577222677529,
  "mean_mdd_elite": 0.08788598203568723,
  "action_entropy": 1.2847245931625366,
  "weight_variance": 0.1646694540977478,
  "elite_start_dates": [
    837,
    1243,
    793,
    1254,
    1257,
    544,
    340,
    845,
    1260,
    1265,
    558,
    837,
    790,
    752,
    604,
    252,
    631,
    1187,
    393,
    12,
    350,
    734,
    641,
    572,
    806,
    528,
    259,
    849,
    614,
    788
  ],
  "eval_sharpe": 1.527461623853018,
  "eval_total_return": 0.1347875909037867,
  "eval_max_drawdown": 0.1042134089507203
}