{
  "iteration": 2,
  "timestamp": "2026-01-29T02:45:41.523056",
  "num_rollouts": 150,
  "num_elites": 37,
  "elite_percentile": 0.25,
  "mean_score_all": 0.0008352120586520803,
  "std_score_all": 1.6678523801358207,
  "mean_score_elite": 2.1898452613856474,
  "std_score_elite": 0.8608241488390921,
  "score_gap": 2.1890100493269955,
  "mean_sharpe_elite": 2.720902523457074,
  "mean_mdd_elite": 0.10621145241428519,
  "action_entropy": 1.2719770669937134,
  "weight_variance": 0.1575784683227539,
  "elite_start_dates": [
    389,
    1234,
    554,
    1250,
    836,
    1233,
    1233,
    373,
    533,
    859,
    543,
    40,
    401,
    1258,
    334,
    340,
    1201,
    611,
    222,
    474,
    260,
    582,
    751,
    827,
    1259,
    628,
    522,
    330,
    287,
    21,
    571,
    754,
    741,
    572,
    239,
    783,
    362
  ],
  "eval_sharpe": 2.896792723699476,
  "eval_total_return": 0.2228964227690959,
  "eval_max_drawdown": 0.1074179049889726
}