{
  "iteration": 1,
  "timestamp": "2026-01-29T16:01:19.705463",
  "num_rollouts": 300,
  "num_elites": 75,
  "elite_percentile": 0.25,
  "mean_score_all": -0.12384632649843424,
  "std_score_all": 1.7001368190721542,
  "mean_score_elite": 1.9194899980567706,
  "std_score_elite": 0.7807235184513547,
  "score_gap": 2.043336324555205,
  "mean_sharpe_elite": 2.446242778449182,
  "mean_mdd_elite": 0.1053505560784823,
  "action_entropy": 1.2754791975021362,
  "weight_variance": 0.15781503915786743,
  "elite_start_dates": [
    1249,
    1221,
    379,
    1246,
    531,
    1224,
    554,
    1233,
    1249,
    402,
    540,
    618,
    526,
    792,
    867,
    853,
    685,
    687,
    1205,
    387,
    43,
    367,
    819,
    1185,
    607,
    799,
    66,
    1179,
    825,
    774,
    666,
    496,
    607,
    58,
    660,
    13,
    1263,
    693,
    540,
    700,
    526,
    355,
    630,
    728,
    248,
    753,
    829,
    561,
    792,
    855,
    802,
    1180,
    321,
    16,
    1193,
    603,
    714,
    1225,
    341,
    224,
    469,
    1186,
    1179,
    603,
    738,
    575,
    784,
    765,
    46,
    521,
    803,
    272,
    1175,
    465,
    5
  ],
  "eval_sharpe": 1.8842012078184804,
  "eval_total_return": 0.12268041552023419,
  "eval_max_drawdown": 0.08834339474795778
}