{
  "iteration": 8,
  "timestamp": "2026-01-29T16:06:45.886064",
  "num_rollouts": 300,
  "num_elites": 30,
  "elite_percentile": 0.1,
  "mean_score_all": -0.14320079923015125,
  "std_score_all": 1.7797023612204779,
  "mean_score_elite": 2.8335743066648194,
  "std_score_elite": 0.6788965809601819,
  "score_gap": 2.9767751058949705,
  "mean_sharpe_elite": 3.2432518975726805,
  "mean_mdd_elite": 0.08193551818157238,
  "action_entropy": 1.3468255996704102,
  "weight_variance": 0.17331388592720032,
  "elite_start_dates": [
    388,
    392,
    1241,
    388,
    823,
    827,
    385,
    371,
    381,
    1248,
    373,
    375,
    835,
    375,
    1239,
    548,
    1257,
    544,
    826,
    378,
    1252,
    352,
    597,
    1210,
    1185,
    334,
    790,
    346,
    367,
    334
  ],
  "eval_sharpe": 1.6516300953613492,
  "eval_total_return": 0.1204702635293514,
  "eval_max_drawdown": 0.11067351070055716
}