{
  "iteration": 7,
  "timestamp": "2026-01-29T16:06:02.387556",
  "num_rollouts": 300,
  "num_elites": 30,
  "elite_percentile": 0.1,
  "mean_score_all": 0.020180261434588863,
  "std_score_all": 1.697073373276728,
  "mean_score_elite": 2.971564532544346,
  "std_score_elite": 0.6971530723626187,
  "score_gap": 2.951384271109757,
  "mean_sharpe_elite": 3.4161949845583788,
  "mean_mdd_elite": 0.08892609040280669,
  "action_entropy": 1.2659127712249756,
  "weight_variance": 0.1696450561285019,
  "elite_start_dates": [
    822,
    391,
    393,
    1230,
    839,
    1247,
    827,
    393,
    560,
    836,
    387,
    391,
    1218,
    1255,
    1211,
    542,
    1221,
    795,
    388,
    627,
    545,
    357,
    1225,
    398,
    780,
    860,
    1201,
    1261,
    563,
    600
  ],
  "eval_sharpe": 1.6194744088797082,
  "eval_total_return": 0.11664947232342618,
  "eval_max_drawdown": 0.11024370755250056
}