{
  "iteration": 2,
  "timestamp": "2026-01-29T16:02:36.311902",
  "num_rollouts": 300,
  "num_elites": 75,
  "elite_percentile": 0.25,
  "mean_score_all": -0.10156448862345417,
  "std_score_all": 1.7045341350475143,
  "mean_score_elite": 2.0136683084702183,
  "std_score_elite": 0.7427402995710629,
  "score_gap": 2.1152327970936726,
  "mean_sharpe_elite": 2.5504917681447097,
  "mean_mdd_elite": 0.1073646919348982,
  "action_entropy": 1.2760977745056152,
  "weight_variance": 0.15909795463085175,
  "elite_start_dates": [
    389,
    780,
    554,
    535,
    1197,
    539,
    393,
    543,
    401,
    1247,
    1250,
    373,
    611,
    334,
    1233,
    541,
    582,
    1259,
    1258,
    464,
    379,
    1233,
    369,
    592,
    827,
    1201,
    359,
    572,
    560,
    368,
    42,
    840,
    612,
    830,
    225,
    533,
    850,
    836,
    667,
    326,
    859,
    405,
    601,
    1229,
    532,
    21,
    534,
    446,
    340,
    660,
    354,
    1194,
    227,
    261,
    362,
    513,
    612,
    480,
    566,
    787,
    601,
    239,
    574,
    40,
    539,
    337,
    408,
    330,
    741,
    633,
    290,
    59,
    815,
    485,
    435
  ],
  "eval_sharpe": 1.3028494676579438,
  "eval_total_return": 0.09466124669875695,
  "eval_max_drawdown": 0.10796964785365573
}