{
  "iteration": 6,
  "timestamp": "2026-01-29T16:05:16.377750",
  "num_rollouts": 300,
  "num_elites": 30,
  "elite_percentile": 0.1,
  "mean_score_all": 0.07309511683485737,
  "std_score_all": 1.6743625665014035,
  "mean_score_elite": 2.9164242510312364,
  "std_score_elite": 0.6957213626703845,
  "score_gap": 2.843329134196379,
  "mean_sharpe_elite": 3.333997366567414,
  "mean_mdd_elite": 0.08351462310723547,
  "action_entropy": 1.2836962938308716,
  "weight_variance": 0.16812333464622498,
  "elite_start_dates": [
    386,
    390,
    387,
    1255,
    369,
    555,
    839,
    1253,
    375,
    333,
    636,
    1238,
    1213,
    823,
    1246,
    549,
    544,
    604,
    1228,
    335,
    1228,
    836,
    1201,
    633,
    348,
    793,
    545,
    400,
    1216,
    723
  ],
  "eval_sharpe": 1.661879906155586,
  "eval_total_return": 0.24877869657297896,
  "eval_max_drawdown": 0.14552155970998495
}