{
  "iteration": 8,
  "timestamp": "2026-01-29T02:49:16.751165",
  "num_rollouts": 150,
  "num_elites": 30,
  "elite_percentile": 0.1,
  "mean_score_all": -0.1565695862462632,
  "std_score_all": 1.6163389140380546,
  "mean_score_elite": 2.1228834545828956,
  "std_score_elite": 0.8497181652764685,
  "score_gap": 2.279453040829159,
  "mean_sharpe_elite": 2.6257738456163335,
  "mean_mdd_elite": 0.10057807820668747,
  "action_entropy": 1.2917739152908325,
  "weight_variance": 0.1641380935907364,
  "elite_start_dates": [
    388,
    1245,
    381,
    823,
    1257,
    1248,
    371,
    385,
    826,
    1264,
    229,
    779,
    603,
    804,
    835,
    341,
    740,
    675,
    811,
    526,
    1187,
    548,
    655,
    623,
    1213,
    580,
    583,
    590,
    833,
    1210
  ],
  "eval_sharpe": 1.939853426262639,
  "eval_total_return": 0.09104681172527157,
  "eval_max_drawdown": 0.08069772329719288
}