{
  "iteration": 3,
  "timestamp": "2026-01-29T02:46:18.988891",
  "num_rollouts": 150,
  "num_elites": 30,
  "elite_percentile": 0.1,
  "mean_score_all": -0.03291459435255952,
  "std_score_all": 1.7325281592510722,
  "mean_score_elite": 2.2758685586900507,
  "std_score_elite": 0.7143401159547058,
  "score_gap": 2.30878315304261,
  "mean_sharpe_elite": 2.7423529024090403,
  "mean_mdd_elite": 0.09329686874379797,
  "action_entropy": 1.3239471912384033,
  "weight_variance": 0.16066962480545044,
  "elite_start_dates": [
    377,
    1239,
    788,
    784,
    377,
    1209,
    398,
    555,
    754,
    1262,
    1237,
    572,
    364,
    795,
    398,
    765,
    554,
    695,
    42,
    594,
    607,
    786,
    319,
    1265,
    799,
    636,
    49,
    679,
    377,
    569
  ],
  "eval_sharpe": 2.629465680755358,
  "eval_total_return": 0.40104559873965506,
  "eval_max_drawdown": 0.1427545395336175
}