{
  "iteration": 5,
  "timestamp": "2026-01-29T16:04:32.169582",
  "num_rollouts": 300,
  "num_elites": 30,
  "elite_percentile": 0.1,
  "mean_score_all": -0.11246332252614487,
  "std_score_all": 1.713058871433613,
  "mean_score_elite": 2.823803411065091,
  "std_score_elite": 0.47563334342643215,
  "score_gap": 2.936266733591236,
  "mean_sharpe_elite": 3.2288608293494314,
  "mean_mdd_elite": 0.08101148365686829,
  "action_entropy": 1.2240550518035889,
  "weight_variance": 0.1626444011926651,
  "elite_start_dates": [
    784,
    547,
    380,
    1219,
    1247,
    1210,
    590,
    562,
    825,
    1199,
    1257,
    1249,
    385,
    846,
    1213,
    839,
    1224,
    379,
    550,
    579,
    1258,
    1249,
    845,
    1166,
    1253,
    1256,
    337,
    333,
    823,
    367
  ],
  "eval_sharpe": 2.4661539978825675,
  "eval_total_return": 0.17550567664589528,
  "eval_max_drawdown": 0.07847373030961018
}