{
  "iteration": 4,
  "timestamp": "2026-01-29T16:03:54.092643",
  "num_rollouts": 300,
  "num_elites": 30,
  "elite_percentile": 0.1,
  "mean_score_all": 0.052181965250462106,
  "std_score_all": 1.6159636774262907,
  "mean_score_elite": 2.886631342580712,
  "std_score_elite": 0.697113290928802,
  "score_gap": 2.83444937733025,
  "mean_sharpe_elite": 3.268550082841735,
  "mean_mdd_elite": 0.07638374805220459,
  "action_entropy": 1.2996550798416138,
  "weight_variance": 0.1640012115240097,
  "elite_start_dates": [
    386,
    392,
    373,
    390,
    387,
    1262,
    547,
    386,
    535,
    1236,
    384,
    400,
    829,
    335,
    1233,
    373,
    41,
    687,
    1225,
    1244,
    766,
    534,
    600,
    334,
    395,
    1238,
    377,
    355,
    694,
    565
  ],
  "eval_sharpe": 2.4474200420295484,
  "eval_total_return": 0.19119461641555066,
  "eval_max_drawdown": 0.08822594771464297
}