{
  "iteration": 10,
  "timestamp": "2026-01-29T16:08:09.857694",
  "num_rollouts": 300,
  "num_elites": 30,
  "elite_percentile": 0.1,
  "mean_score_all": -0.35143155698516904,
  "std_score_all": 1.9585581694733671,
  "mean_score_elite": 2.936888468923972,
  "std_score_elite": 0.632328772791215,
  "score_gap": 3.2883200259091407,
  "mean_sharpe_elite": 3.3795745107047144,
  "mean_mdd_elite": 0.08853720835614863,
  "action_entropy": 1.2924902439117432,
  "weight_variance": 0.1719210296869278,
  "elite_start_dates": [
    388,
    391,
    1229,
    1238,
    551,
    378,
    1256,
    824,
    779,
    391,
    550,
    1229,
    1201,
    1225,
    400,
    853,
    378,
    360,
    544,
    606,
    822,
    575,
    533,
    1247,
    781,
    374,
    800,
    699,
    865,
    14
  ],
  "eval_sharpe": 1.538002004509886,
  "eval_total_return": 0.21850573290417322,
  "eval_max_drawdown": 0.11790040229618602
}