{
  "iteration": 9,
  "timestamp": "2026-01-29T16:07:27.640889",
  "num_rollouts": 300,
  "num_elites": 30,
  "elite_percentile": 0.1,
  "mean_score_all": -0.16577267561629971,
  "std_score_all": 1.7422915534425045,
  "mean_score_elite": 2.7508274030387154,
  "std_score_elite": 0.4972632003502953,
  "score_gap": 2.9166000786550152,
  "mean_sharpe_elite": 3.176479246015089,
  "mean_mdd_elite": 0.08513036859527454,
  "action_entropy": 1.2974764108657837,
  "weight_variance": 0.1733957827091217,
  "elite_start_dates": [
    391,
    851,
    393,
    540,
    837,
    1243,
    398,
    1254,
    544,
    831,
    537,
    550,
    845,
    549,
    350,
    837,
    814,
    1243,
    578,
    558,
    783,
    594,
    1241,
    1265,
    831,
    360,
    341,
    844,
    839,
    1200
  ],
  "eval_sharpe": 1.6768726732607222,
  "eval_total_return": 0.2760847190758289,
  "eval_max_drawdown": 0.13672538910041604
}