{
  "iteration": 6,
  "timestamp": "2026-01-29T02:48:06.477518",
  "num_rollouts": 150,
  "num_elites": 30,
  "elite_percentile": 0.1,
  "mean_score_all": 0.13300801274751092,
  "std_score_all": 1.5252322280524597,
  "mean_score_elite": 2.0806336207501555,
  "std_score_elite": 0.6148114738502763,
  "score_gap": 1.9476256080026446,
  "mean_sharpe_elite": 2.592059633367073,
  "mean_mdd_elite": 0.10228520252338345,
  "action_entropy": 1.3394880294799805,
  "weight_variance": 0.16534434258937836,
  "elite_start_dates": [
    387,
    1238,
    1228,
    390,
    848,
    1255,
    542,
    770,
    601,
    604,
    348,
    400,
    617,
    1201,
    357,
    1213,
    36,
    6,
    640,
    577,
    1217,
    636,
    234,
    534,
    347,
    1216,
    595,
    795,
    547,
    250
  ],
  "eval_sharpe": 2.1187345694199538,
  "eval_total_return": 0.2916333762933153,
  "eval_max_drawdown": 0.15082833477515922
}