{
  "iteration": 10,
  "timestamp": "2026-01-29T02:50:29.274508",
  "num_rollouts": 150,
  "num_elites": 30,
  "elite_percentile": 0.1,
  "mean_score_all": -0.2293494647308184,
  "std_score_all": 1.615500556913036,
  "mean_score_elite": 1.9243229451677817,
  "std_score_elite": 0.6114986341241044,
  "score_gap": 2.1536724098986,
  "mean_sharpe_elite": 2.4425024173932233,
  "mean_mdd_elite": 0.10363589444508838,
  "action_entropy": 1.361249327659607,
  "weight_variance": 0.16370528936386108,
  "elite_start_dates": [
    824,
    1247,
    1224,
    1258,
    1259,
    249,
    827,
    822,
    542,
    391,
    225,
    530,
    16,
    562,
    729,
    357,
    250,
    567,
    571,
    550,
    1225,
    567,
    600,
    522,
    1256,
    829,
    326,
    608,
    241,
    853
  ],
  "eval_sharpe": 1.648672801186877,
  "eval_total_return": 0.17835545504841682,
  "eval_max_drawdown": 0.12033383690208307
}