{
  "iteration": 4,
  "timestamp": "2026-01-29T02:46:54.168466",
  "num_rollouts": 150,
  "num_elites": 30,
  "elite_percentile": 0.1,
  "mean_score_all": 0.12731434030291902,
  "std_score_all": 1.71644811157608,
  "mean_score_elite": 2.499267071354313,
  "std_score_elite": 0.7742886220142202,
  "score_gap": 2.371952731051394,
  "mean_sharpe_elite": 3.00205668063234,
  "mean_mdd_elite": 0.10055792185560536,
  "action_entropy": 1.345723032951355,
  "weight_variance": 0.16274148225784302,
  "elite_start_dates": [
    829,
    386,
    1244,
    837,
    373,
    1233,
    535,
    836,
    328,
    1228,
    823,
    551,
    642,
    788,
    562,
    544,
    1263,
    1183,
    626,
    837,
    1221,
    821,
    797,
    573,
    741,
    400,
    434,
    1182,
    355,
    565
  ],
  "eval_sharpe": 2.4971084752685164,
  "eval_total_return": 0.1570712389962882,
  "eval_max_drawdown": 0.09883212176108865
}