{
  "iteration": 3,
  "timestamp": "2026-01-29T16:03:15.768416",
  "num_rollouts": 300,
  "num_elites": 30,
  "elite_percentile": 0.1,
  "mean_score_all": -0.25580591408726155,
  "std_score_all": 1.7973987942135303,
  "mean_score_elite": 2.690837767645478,
  "std_score_elite": 0.5993150521311155,
  "score_gap": 2.9466436817327395,
  "mean_sharpe_elite": 3.1769997226893865,
  "mean_mdd_elite": 0.09723239100878162,
  "action_entropy": 1.2563543319702148,
  "weight_variance": 0.15907086431980133,
  "elite_start_dates": [
    386,
    1239,
    555,
    1242,
    834,
    400,
    826,
    566,
    397,
    398,
    377,
    543,
    571,
    377,
    1265,
    351,
    590,
    553,
    788,
    580,
    1262,
    379,
    566,
    786,
    1243,
    826,
    1256,
    808,
    578,
    742
  ],
  "eval_sharpe": 2.088089705250448,
  "eval_total_return": 0.27352347386742426,
  "eval_max_drawdown": 0.09597685794102494
}