{
  "train_loss": [
    -1.6937607174370697,
    -2.1720421218617076,
    -2.2439398351200124,
    -2.2816207198535694,
    -2.313021891894825,
    -2.3311081213109635,
    -2.347365656001045,
    -2.36052737644012,
    -2.3665296470417694,
    -2.370192710091086,
    -2.3839573171687,
    -2.3906774355128486,
    -2.391179232673849,
    -2.3984524974211014,
    -2.4085059726939484,
    -2.4043790796861293,
    -2.418434667077294,
    -2.419261451710992,
    -2.4259437290742434,
    -2.4297946723387205,
    -2.436372578462815,
    -2.4363110141958146,
    -2.4434591907868413,
    -2.445696826924615,
    -2.4355973368660013,
    -2.4599927223939946,
    -2.464765043819652,
    -2.469613960082518,
    -2.458310760916236,
    -2.454026149555961,
    -2.469521577345496,
    -2.4822664923846403,
    -2.479963687651935,
    -2.469974159556914,
    -2.4858397825516483,
    -2.4732252824752727,
    -2.4956923079363165,
    -2.4847529023726356,
    -2.5071512543581385,
    -2.506143999609718,
    -2.5194907723901108,
    -2.5133611148691433,
    -2.5223313576397413,
    -2.5211741019060265,
    -2.519986379592814,
    -2.531438294579001,
    -2.533757342374261,
    -2.531479247751083,
    -2.5346947851028037
  ],
  "val_loss": [
    -2.1719887405633926,
    -2.4239427372813225,
    -2.5185743272304535,
    -2.4603803604841232,
    -2.607708141207695,
    -2.5379728451371193,
    -2.4675247445702553,
    -2.6064822375774384,
    -2.6100357323884964,
    -2.533911980688572,
    -2.6298709213733673,
    -2.6128909066319466,
    -2.551488697528839,
    -2.6337164491415024,
    -2.601298101246357,
    -2.5604191049933434,
    -2.6850293427705765,
    -2.6143641471862793,
    -2.6046597361564636,
    -2.6621799021959305,
    -2.6575377583503723,
    -2.6304708421230316,
    -2.6773494258522987,
    -2.4140763133764267,
    -2.579604260623455,
    -2.657237946987152,
    -2.73322444409132,
    -2.6109515205025673,
    -2.7408387362957,
    -2.6316847279667854,
    -2.6899182125926018,
    -2.754055544734001,
    -2.657980687916279,
    -2.7102019041776657,
    -2.733616456389427,
    -2.7355760484933853,
    -2.7370676547288895,
    -2.718899078667164,
    -2.7634931206703186,
    -2.7461108416318893,
    -2.758137583732605,
    -2.7447401881217957,
    -2.736759141087532,
    -2.728465259075165,
    -2.713695079088211,
    -2.749677076935768,
    -2.74541212618351,
    -2.7472868859767914,
    -2.7244011610746384
  ]
}