{
  "train_loss": [
    -1.7493581409879866,
    -2.168365581150361,
    -2.239088917161054,
    -2.27663944940516,
    -2.3061264708717877,
    -2.3324243913997305,
    -2.346742751126621,
    -2.3559035859643456,
    -2.3647828076612503,
    -2.3782208628832975,
    -2.382384617698384,
    -2.385889930521103,
    -2.3968685553035636,
    -2.423272842391927,
    -2.4165072963836995,
    -2.3753108589406957,
    -2.4289530974658415,
    -2.42128385962012,
    -2.401071271794365,
    -2.41560186549304,
    -2.438921673412629,
    -2.450854286153049,
    -2.4218640862939194,
    -2.4450283146159535,
    -2.4374682635547007,
    -2.4515804351969837,
    -2.479081832151362,
    -2.475935841626662,
    -2.4730429177615734,
    -2.4807843295010654
  ],
  "val_loss": [
    -2.414322406053543,
    -2.354585751891136,
    -2.2855608612298965,
    -2.5151301845908165,
    -2.578471839427948,
    -2.5190810784697533,
    -2.636096253991127,
    -2.5580215007066727,
    -2.478596143424511,
    -2.6321393474936485,
    -2.6342424005270004,
    -2.5319246500730515,
    -2.6185929402709007,
    -2.5657225772738457,
    -2.670074626803398,
    -2.6612469851970673,
    -2.675455152988434,
    -2.651312805712223,
    -2.5745382830500603,
    -2.7133184373378754,
    -2.6828902512788773,
    -2.631133511662483,
    -2.6216138005256653,
    -2.6182904690504074,
    -2.6640237271785736,
    -2.6651556491851807,
    -2.6996558010578156,
    -2.7011813819408417,
    -2.679360121488571,
    -2.650711379945278
  ]
}